message_id,action,message_type,reason,confidence,evidence_message_ids
msg_023,digest,payment,safe non-urgent content; message concerns payment or account activity; similar prior message message_0243,0.84,message_0243;message_0102;message_0101
msg_091,mute,scam,"Safety override; credential or login code request, credential request with instruction; safety rules found risky content; similar prior message message_0238",0.95,message_0238
msg_090,digest,unknown,ambiguous content; unfamiliar personal sender without urgency,0.63,none
msg_048,mute,scam,"Safety override; urgency pressure, payment or qr pressure; safety rules found risky content; similar prior message message_0151",0.94,message_0151;message_0100;message_0150
msg_040,mute,greeting,repeated forwarding pattern; forwarded greeting pattern; recipient has muted this group; similar prior message message_0136,0.63,message_0136;message_0135
msg_075,digest,event,safe non-urgent content; message describes an operational update or event; similar prior message message_0206,0.80,message_0206;message_0205
msg_005,digest,unknown,ambiguous content; image attachment is available; low-information image; OCR found little or no visible text; similar prior message message_0065,0.66,message_0065;message_0049;message_0382;message_0231;message_0114
msg_104,digest,unknown,ambiguous content; unfamiliar personal sender without urgency; similar prior message message_0224,0.68,message_0224;message_0383;message_0232;message_0050
msg_069,mute,greeting,repeated forwarding pattern; forwarded greeting pattern; recipient has muted this group; similar prior message message_0177,0.62,message_0177;message_0193;message_0042;message_0080;message_0178
msg_107,mute,scam,"Safety override; prompt injection text, credential or login code request; safety rules found risky content; similar prior message message_0056",0.91,message_0056;message_0235;message_0195;message_0213;message_0369
msg_070,mute,scam,"Safety override; credential or login code request, credential request with instruction; safety rules found risky content; message arrived during quiet hours; similar prior message message_0369",0.95,message_0369;message_0195;message_0213;message_0085;message_0199
msg_003,notify,business_update,trusted time-critical update; verified business update or account notice; similar prior message message_0031,0.84,message_0031;message_0400;message_0061;message_0267;message_0062
msg_099,digest,personal,safe non-urgent content; message is from a personal chat; similar prior message message_0227,0.72,message_0227;message_0249
msg_008,digest,business_update,safe non-urgent content; message comes from a business account; message arrived during quiet hours; similar prior message message_0296,0.73,message_0296;message_0072;message_0071
msg_092,digest,scam,suspicious but not decisive; safety rules found risky content; similar prior message message_0346,0.57,message_0346
msg_060,notify,event,useful urgent content; message describes an operational update or event; image attachment is available; image layout appears to be document; similar prior message message_0284,0.68,message_0284;message_0176;message_0404;message_0175;message_0375
msg_004,notify,event,trusted time-critical update; business appointment or scheduled update; similar prior message message_0005,0.84,message_0005;message_0245;message_0246;message_0064;message_0063
msg_030,mute,promotion,severe notification fatigue; message contains promotional language; image attachment is available; recipient has muted this group; similar prior message message_0115,0.69,message_0115;message_0335;message_0050;message_0383
msg_045,digest,unknown,ambiguous content; similar prior message message_0146,0.66,message_0146
msg_052,mute,scam,"Safety override; credential or login code request, credential request with instruction; safety rules found risky content; similar prior message message_0208",0.84,message_0208;message_0207;message_0159;message_0160
msg_009,digest,unknown,ambiguous content; recipient has muted this group; similar prior message message_0074,0.75,message_0074
msg_071,digest,unknown,ambiguous content; similar prior message message_0197,0.66,message_0197
msg_016,digest,unknown,ambiguous content; message arrived during quiet hours; similar prior message message_0024,0.69,message_0024
msg_065,digest,promotion,safe non-urgent content; message contains promotional language; image attachment is available; image layout appears to be text_poster; similar prior message message_0261,0.76,message_0261;message_0260;message_0186
msg_038,mute,forward,repeated forwarding pattern; message has a forwarding signal; similar prior message message_0131,0.58,message_0131;message_0132
msg_086,notify,business_update,trusted time-critical update; verified business update or account notice; voice-note attachment is available; similar prior message message_0222,0.82,message_0222
msg_014,mute,promotion,promotion opt-out or repeated dismissal; message contains promotional language; recipient has opted out or dismissed similar promotions; similar prior message message_0017,0.79,message_0017;message_0018;message_0258;message_0084;message_0083
msg_094,mute,promotion,severe notification fatigue; message contains promotional language; similar prior message message_0356,0.60,message_0356
msg_029,mute,promotion,repeated forwarding pattern; message contains promotional language; image attachment is available; low-information image; OCR found little or no visible text; similar prior message message_0113,0.55,message_0113;message_0095;message_0332;message_0401;message_0049
msg_105,mute,forward,severe notification fatigue; message has a forwarding signal; similar prior message message_0233,0.65,message_0233;message_0373
msg_002,digest,payment,safe non-urgent content; message concerns payment or account activity; similar prior message message_0003,0.70,message_0003;message_0059;message_0169;message_0266;message_0041
msg_010,digest,business_update,safe non-urgent content; verified business update or account notice; similar prior message message_0011,0.84,message_0011;message_0242;message_0075;message_0076
msg_078,mute,forward,severe notification fatigue; message has a forwarding signal; recipient has muted this group; similar prior message message_0211,0.61,message_0211
msg_013,digest,scam,suspicious but not decisive; safety rules found risky content,0.58,none
msg_018,mute,forward,repeated forwarding pattern; message has a forwarding signal; similar prior message message_0026,0.60,message_0026
msg_044,mute,scam,"Safety override; credential or login code request, credential request with instruction; safety rules found risky content; similar prior message message_0143",0.93,message_0143
msg_032,digest,unknown,ambiguous content; similar prior message message_0119,0.69,message_0119;message_0285
msg_106,digest,personal,safe non-urgent content; message is from a personal chat; similar prior message message_0234,0.71,message_0234;message_0376
msg_006,mute,scam,"Safety override; urgency pressure, payment or qr pressure; safety rules found risky content; similar prior message message_0067",0.93,message_0067;message_0097;message_0029;message_0044;message_0068
msg_109,mute,scam,Safety override; payment or qr pressure; safety rules found risky content; similar prior message message_0151,0.95,message_0151;message_0152;message_0237;message_0100;message_0150
msg_108,mute,scam,"Safety override; credential or login code request, credential request with instruction; safety rules found risky content; similar prior message message_0094",0.85,message_0094;message_0093
msg_019,digest,scam,suspicious but not decisive; safety rules found risky content; similar prior message message_0277,0.61,message_0277
msg_088,digest,unknown,ambiguous content; voice attachment is available; voice-note attachment is available; recipient has muted this group; similar prior message message_0224,0.79,message_0224;message_0232;message_0383
msg_056,notify,urgent,trusted critical direct mention; urgent direct request or deadline was detected; recipient has muted this group; similar prior message message_0226,0.74,message_0226;message_0167;message_0359;message_0054;message_0225
msg_027,digest,promotion,safe non-urgent content; message contains promotional language; image attachment is available; image layout appears to be document; similar prior message message_0007,0.82,message_0007;message_0033;message_0272;message_0109;message_0110
msg_050,notify,event,useful urgent content; business appointment or scheduled update; similar prior message message_0279,0.74,message_0279;message_0278;message_0155
msg_083,digest,greeting,safe non-urgent content; message is conversational; voice-note attachment is available; similar prior message message_0219,0.77,message_0219
msg_063,mute,scam,"Safety override; urgency pressure, payment or qr pressure; safety rules found risky content; similar prior message message_0181",0.91,message_0181
msg_033,digest,greeting,safe non-urgent content; message is conversational; similar prior message message_0121,0.75,message_0121;message_0372
msg_061,mute,greeting,repeated forwarding pattern; forwarded greeting pattern; recipient has muted this group; similar prior message message_0177,0.62,message_0177;message_0193;message_0080;message_0042;message_0079
msg_020,mute,scam,Safety override; suspicious domain:bit.ly; safety rules found risky content; similar prior message message_0096,0.91,message_0096;message_0049;message_0114
msg_017,mute,scam,"Safety override; urgency pressure, payment or qr pressure; safety rules found risky content; recipient has muted this group; similar prior message message_0089",0.95,message_0089
msg_058,mute,forward,severe notification fatigue; message has a forwarding signal; recipient has muted this group; similar prior message message_0040,0.62,message_0040;message_0241;message_0039;message_0078;message_0124
msg_026,digest,scam,suspicious but not decisive; safety rules found risky content; similar prior message message_0032,0.61,message_0032;message_0107
msg_047,digest,unknown,ambiguous content; similar prior message message_0149,0.66,message_0149;message_0001;message_0151;message_0068;message_0098
msg_046,mute,scam,"Safety override; credential or login code request, credential request with instruction; safety rules found risky content; similar prior message message_0148",0.93,message_0148;message_0147
msg_042,digest,unknown,ambiguous content; similar prior message message_0140,0.68,message_0140;message_0058
msg_079,digest,scam,suspicious but not decisive; safety rules found risky content; similar prior message message_0369,0.69,message_0369
msg_098,notify,urgent,trusted critical direct mention; urgent direct request or deadline was detected; similar prior message message_0226,0.75,message_0226;message_0359;message_0054;message_0225;message_0167
msg_037,digest,greeting,safe non-urgent content; message is conversational; similar prior message message_0001,0.74,message_0001;message_0271
msg_007,digest,unknown,ambiguous content; similar prior message message_0070,0.61,message_0070
msg_085,digest,scam,suspicious but not decisive; safety rules found risky content; voice-note attachment is available; message arrived during quiet hours; similar prior message message_0221,0.59,message_0221
msg_001,notify,urgent,useful urgent content; urgent direct request or deadline was detected; similar prior message message_0057,0.65,message_0057;message_0240;message_0139
msg_021,digest,scam,suspicious but not decisive; safety rules found risky content; similar prior message message_0068,0.66,message_0068;message_0098;message_0029;message_0044;message_0001
msg_028,mute,promotion,promotion opt-out or repeated dismissal; message contains promotional language; image attachment is available; recipient has opted out or dismissed similar promotions; similar prior message message_0034,0.87,message_0034;message_0112;message_0111
msg_012,mute,forward,severe notification fatigue; message has a forwarding signal; similar prior message message_0079,0.62,message_0079;message_0247;message_0178;message_0194;message_0177
msg_064,mute,scam,"Safety override; credential or login code request, credential request with instruction; safety rules found risky content; image attachment is available; image layout appears to be document; similar prior message message_",0.95,message_0087;message_0183;message_0201;message_0024
msg_103,digest,personal,safe non-urgent content; message is from a personal chat; similar prior message message_0065,0.76,message_0065;message_0382;message_0231;message_0049;message_0066
msg_031,notify,event,useful urgent content; message describes an operational update or event; image attachment is available; image layout appears to be document; similar prior message message_0227,0.67,message_0227;message_0249
msg_057,digest,unknown,ambiguous content; similar prior message message_0059,0.63,message_0059;message_0169;message_0003;message_0266;message_0041
msg_087,mute,promotion,severe notification fatigue; message contains promotional language; voice-note attachment is available; recipient has muted this group; similar prior message message_0163,0.72,message_0163;message_0164
msg_067,digest,payment,safe non-urgent content; message concerns payment or account activity; similar prior message message_0068,0.75,message_0068;message_0098;message_0271;message_0029;message_0044
msg_039,digest,scam,"urgent but queued by quiet hours, load, or risk; safety rules found risky content; similar prior message message_0364",0.59,message_0364;message_0051;message_0403;message_0255;message_0133
msg_082,notify,urgent,useful urgent content; urgent direct request or deadline was detected; voice-note attachment is available; similar prior message message_0218,0.72,message_0218;message_0380
msg_066,mute,promotion,promotion opt-out or repeated dismissal; message contains promotional language; image attachment is available; recipient has opted out or dismissed similar promotions; similar prior message message_0257,0.81,message_0257;message_0402;message_0052
msg_049,digest,event,safe non-urgent content; message describes an operational update or event; image attachment is available; image layout appears to be text_poster; similar prior message message_0154,0.80,message_0154;message_0291;message_0153
msg_015,mute,scam,"Safety override; credential or login code request, credential request with instruction; safety rules found risky content; similar prior message message_0023",0.92,message_0023;message_0045
msg_051,mute,promotion,promotion opt-out or repeated dismissal; message contains promotional language; recipient has opted out or dismissed similar promotions; similar prior message message_0257,0.79,message_0257;message_0402;message_0104;message_0157;message_0103
msg_097,digest,personal,safe non-urgent content; direct personal response request; similar prior message message_0359,0.69,message_0359;message_0054;message_0225;message_0167;message_0226
msg_089,digest,unknown,ambiguous content; unfamiliar personal sender without urgency,0.58,none
msg_053,mute,forward,repeated forwarding pattern; message has a forwarding signal; image attachment is available; image layout appears to be text_poster; similar prior message message_0411,0.61,message_0411;message_0253;message_0161;message_0162
msg_059,mute,scam,"Safety override; credential or login code request, credential request with instruction; safety rules found risky content; similar prior message message_0053",0.86,message_0053
msg_024,mute,promotion,promotion opt-out or repeated dismissal; message contains promotional language; recipient has opted out or dismissed similar promotions; similar prior message message_0257,0.79,message_0257;message_0402;message_0104;message_0157;message_0103
msg_072,mute,scam,"Safety override; credential or login code request, credential request with instruction; safety rules found risky content; similar prior message message_0023",0.91,message_0023;message_0045;message_0085;message_0199;message_0195
msg_036,digest,spam,suspicious but not decisive; safety rules found risky content; similar prior message message_0283,0.61,message_0283;message_0127
msg_076,mute,scam,"Safety override; credential or login code request, credential request with instruction; safety rules found risky content; similar prior message message_0208",0.84,message_0208;message_0207;message_0159;message_0160
msg_055,digest,unknown,ambiguous content; similar prior message message_0166,0.62,message_0166;message_0165
msg_102,digest,personal,safe non-urgent content; message is from a personal chat; similar prior message message_0230,0.74,message_0230;message_0371;message_0059;message_0169;message_0060
msg_080,digest,unknown,ambiguous content; similar prior message message_0130,0.66,message_0130;message_0142;message_0180;message_0190;message_0216
msg_093,digest,scam,suspicious but not decisive; safety rules found risky content; message arrived during quiet hours; similar prior message message_0347,0.56,message_0347;message_0348;message_0349;message_0398
msg_034,mute,greeting,repeated forwarding pattern; forwarded greeting pattern; recipient has muted this group; similar prior message message_0013,0.64,message_0013;message_0039;message_0077;message_0123;message_0171
msg_035,digest,business_update,safe non-urgent content; message comes from a business account; similar prior message message_0281,0.79,message_0281;message_0125
msg_101,digest,personal,safe non-urgent content; message is from a personal chat; message arrived during quiet hours; similar prior message message_0229,0.73,message_0229;message_0370;message_0268
msg_041,digest,business_update,ambiguous content; message comes from a business account; similar prior message message_0137,0.65,message_0137;message_0138
msg_011,mute,greeting,repeated forwarding pattern; forwarded greeting pattern; recipient has muted this group; similar prior message message_0014,0.64,message_0014;message_0077;message_0123;message_0171;message_0013
msg_110,mute,scam,"Safety override; credential or login code request, credential request with instruction; safety rules found risky content; similar prior message message_0238",0.89,message_0238
msg_095,mute,scam,"Safety override; credential or login code request, credential request with instruction; safety rules found risky content; similar prior message message_0087",0.85,message_0087;message_0183;message_0201;message_0088;message_0184
msg_074,mute,promotion,severe notification fatigue; message contains promotional language; image attachment is available; recipient has muted this group; similar prior message message_0203,0.66,message_0203;message_0358;message_0223;message_0204;message_0389
msg_073,mute,forward,severe notification fatigue; message has a forwarding signal; similar prior message message_0147,0.61,message_0147
msg_054,digest,scam,suspicious but not decisive; safety rules found risky content; similar prior message message_0389,0.72,message_0389;message_0163;message_0203
msg_068,digest,unknown,ambiguous content; similar prior message message_0191,0.67,message_0191
msg_100,notify,urgent,trusted critical direct mention; urgent direct request or deadline was detected; similar prior message message_0362,0.78,message_0362;message_0228;message_0249;message_0117;message_0055
msg_062,mute,forward,repeated forwarding pattern; message has a forwarding signal; image attachment is available; message arrived during quiet hours; similar prior message message_0043,0.58,message_0043;message_0410
msg_096,digest,unknown,ambiguous content; unfamiliar personal sender without urgency,0.63,none
msg_043,digest,forward,suspicious but not decisive; message has a forwarding signal; similar prior message message_0067,0.61,message_0067;message_0097;message_0001;message_0129;message_0141
msg_077,digest,event,safe non-urgent content; school operational update; image attachment is available; message arrived during quiet hours; similar prior message message_0051,0.73,message_0051;message_0037;message_0002;message_0403;message_0364
msg_081,digest,greeting,safe non-urgent content; message is conversational; voice-note attachment is available; similar prior message message_0217,0.79,message_0217
msg_025,notify,business_update,trusted time-critical update; verified business update or account notice; similar prior message message_0004,0.84,message_0004;message_0239;message_0105;message_0106
msg_084,mute,promotion,promotion opt-out or repeated dismissal; message contains promotional language; voice-note attachment is available; recipient has opted out or dismissed similar promotions; similar prior message message_0220,0.82,message_0220
msg_022,digest,scam,suspicious but not decisive; safety rules found risky content; similar prior message message_0099,0.67,message_0099;message_0151
